<?xml version="1.0" encoding="UTF-8" standalone="yes"?>
<addon id="plugin.program.kodibox" name="[B]KodiBox Wizard[/B]" version="1.0" provider-name="XxAttackerxX">
	<requires>
		<import addon="xbmc.python" version="3.0.0"/>
	</requires>
	<extension point="xbmc.python.pluginsource" library="addon.py">
		<provides>executable</provides>
	</extension>
	<extension point="xbmc.service" library="service.py" />
	<extension point="xbmc.addon.metadata">
	<summary lang="en_GB">Kodibox Wizard</summary>
		<description lang="en_GB">A modified version of Simple Wizard</description>
		<disclaimer lang="en_GB">This Addon contains no content</disclaimer>
		<language>en</language>
		<platform>all</platform>
		<license>GPL-2.0-or-later</license>
		<forum></forum>
		<website></website> 
		<email></email>
		<source></source>
		<news></news>
		<assets>
			<icon>icon.png</icon>
			<fanart>fanart.jpg</fanart>
		</assets>
	</extension>
</addon>